"Year","Countries","Avg_Fatality_Rate"
2016,"Afghanistan",0.7
2015,"Afghanistan",0.01
2014,"Afghanistan",0
2013,"Afghanistan",0.35
2012,"Afghanistan",0.1
2011,"Afghanistan",1.18
2010,"Afghanistan",0.42
2009,"Afghanistan",1.66
2008,"Afghanistan",0.5
2005,"Afghanistan",0
2003,"Afghanistan",17.07
2002,"Afghanistan",0
2001,"Afghanistan",2.53
2000,"Afghanistan",4.57
1999,"Afghanistan",0.62
1998,"Afghanistan",0
1997,"Afghanistan",3
1995,"Afghanistan",3.14
1994,"Afghanistan",0.3
1993,"Afghanistan",2.51
1965,"Afghanistan",25.23
1960,"Afghanistan",22.44
2006,"Algeria",0
2005,"Algeria",0
1994,"Algeria",3.39
1992,"Algeria",0
1990,"Algeria",1.54
1989,"Algeria",0
1988,"Algeria",4.29
1987,"Algeria",0
1984,"Algeria",0
1983,"Algeria",4.13
1980,"Algeria",2.93
1979,"Algeria",3.74
1978,"Algeria",5.91
1977,"Algeria",3.44
1976,"Algeria",10.49
1975,"Algeria",10.13
1974,"Algeria",6.78
1973,"Algeria",12.23
1972,"Algeria",10.99
1971,"Algeria",8.26
2016,"Angola",3.8
2014,"Angola",1.4
2013,"Angola",1.29
2012,"Angola",8.07
2011,"Angola",6.08
2010,"Angola",2.02
2009,"Angola",4.36
2008,"Angola",2.31
2007,"Angola",2.78
2006,"Angola",4.05
2005,"Angola",0
1996,"Angola",3.22
1995,"Angola",7.53
1994,"Angola",5.43
1992,"Angola",5.1
1991,"Angola",6.78
1990,"Angola",8.49
1989,"Angola",5.26
1988,"Angola",9.95
1987,"Angola",8.65
1977,"Angola",4.27
1975,"Angola",4.55
1974,"Angola",3.64
1973,"Angola",3.42
1972,"Angola",8.96
1971,"Angola",0
2000,"Bangladesh",1.57
1999,"Bangladesh",1.83
1998,"Bangladesh",2.44
1997,"Bangladesh",4.85
1996,"Bangladesh",0
1995,"Bangladesh",2.66
1994,"Bangladesh",7.3
1993,"Bangladesh",0
1992,"Bangladesh",6.05
1991,"Bangladesh",0
1990,"Bangladesh",4.88
1989,"Bangladesh",2.13
1988,"Bangladesh",7.53
1987,"Bangladesh",4.4
1979,"Bangladesh",0.97
1978,"Bangladesh",1.45
1977,"Bangladesh",3.4
1976,"Bangladesh",6.48
1975,"Bangladesh",2.39
1974,"Bangladesh",3.08
1973,"Bangladesh",18.74
1972,"Bangladesh",18.98
1971,"Bangladesh",16.48
1970,"Bangladesh",25.46
1969,"Bangladesh",21
1968,"Bangladesh",19.46
1967,"Bangladesh",55.57
1966,"Bangladesh",39.12
1965,"Bangladesh",60.82
1964,"Bangladesh",72.58
1963,"Bangladesh",31.4
1962,"Bangladesh",51.66
1961,"Bangladesh",63.95
1960,"Bangladesh",40.16
1959,"Bangladesh",65.36
1958,"Bangladesh",64.74
1957,"Bangladesh",63.74
1956,"Bangladesh",64.6
1955,"Bangladesh",58.9
1954,"Bangladesh",60.47
1953,"Bangladesh",61.18
1952,"Bangladesh",60.91
1951,"Bangladesh",59.21
1950,"Bangladesh",43.43
2016,"Benin",1.7
2014,"Benin",1.4
2013,"Benin",1.14
2012,"Benin",0.48
2011,"Benin",0.53
2010,"Benin",0.81
2009,"Benin",1.35
2008,"Benin",0.51
2006,"Benin",1.1
2005,"Benin",1.47
2004,"Benin",1.4
2003,"Benin",2.53
2002,"Benin",4.81
2001,"Benin",1.8
2000,"Benin",2.35
1999,"Benin",2.92
1998,"Benin",0.49
1997,"Benin",2.01
1996,"Benin",3.28
1995,"Benin",5.91
1994,"Benin",10.7
1993,"Benin",20
1992,"Benin",4.12
1991,"Benin",3.47
1986,"Benin",5.35
1984,"Benin",0
1983,"Benin",0
1982,"Benin",0
1981,"Benin",0
1980,"Benin",0
1978,"Benin",0
1977,"Benin",0
1976,"Benin",9.59
1975,"Benin",2.22
1974,"Benin",5.48
1973,"Benin",66.67
1972,"Benin",11.6
1971,"Benin",12.85
1970,"Benin",21.14
1998,"Bolivia (Plurinational State of)",1.5
1997,"Bolivia (Plurinational State of)",1.1
1996,"Bolivia (Plurinational State of)",2.39
1995,"Bolivia (Plurinational State of)",2.36
1994,"Bolivia (Plurinational State of)",1.7
1993,"Bolivia (Plurinational State of)",2.51
1992,"Bolivia (Plurinational State of)",1.77
1991,"Bolivia (Plurinational State of)",5.83
2011,"Brazil",0
2005,"Brazil",0
2004,"Brazil",0
2001,"Brazil",0
2000,"Brazil",2.38
1999,"Brazil",1.85
1998,"Brazil",1.05
1997,"Brazil",1.28
1996,"Brazil",0.6
1995,"Brazil",0.53
1994,"Brazil",0.91
1993,"Brazil",1.09
1992,"Brazil",1.2
1991,"Brazil",1.57
2012,"Burkina Faso",4.9
2011,"Burkina Faso",10
2008,"Burkina Faso",0
2006,"Burkina Faso",0
2005,"Burkina Faso",1.52
2003,"Burkina Faso",0
2001,"Burkina Faso",1.47
2000,"Burkina Faso",2.27
1999,"Burkina Faso",7.53
1998,"Burkina Faso",5.02
1996,"Burkina Faso",13.65
1995,"Burkina Faso",7.79
1991,"Burkina Faso",11.36
1985,"Burkina Faso",13.58
1984,"Burkina Faso",5.34
1978,"Burkina Faso",0
1975,"Burkina Faso",100
1974,"Burkina Faso",10.44
1973,"Burkina Faso",22.27
1972,"Burkina Faso",0
1971,"Burkina Faso",28.11
1970,"Burkina Faso",100
2016,"Burundi",1.2
2015,"Burundi",0
2014,"Burundi",1.5
2013,"Burundi",1.09
2012,"Burundi",0.47
2011,"Burundi",0.09
2010,"Burundi",0.3
2009,"Burundi",0
2008,"Burundi",1.71
2007,"Burundi",0.55
2006,"Burundi",0.79
2005,"Burundi",1.38
2004,"Burundi",1.71
2003,"Burundi",4.17
2002,"Burundi",1.39
2001,"Burundi",1.99
2000,"Burundi",1.57
1999,"Burundi",1.83
1998,"Burundi",2.44
1997,"Burundi",4.85
1996,"Burundi",0
1995,"Burundi",0
1994,"Burundi",7.3
1993,"Burundi",0
1992,"Burundi",6.05
1991,"Burundi",0
1990,"Burundi",0
1985,"Burundi",5.79
1984,"Burundi",5.56
1983,"Burundi",6.84
1982,"Burundi",2.17
1981,"Burundi",1.89
1980,"Burundi",1.37
1979,"Burundi",3.39
1978,"Burundi",2.99
2006,"Cabo Verde",0
2005,"Cabo Verde",0
1998,"Cabo Verde",0.75
1996,"Cabo Verde",0.7
1995,"Cabo Verde",1.86
1994,"Cabo Verde",9.38
1976,"Cabo Verde",7.76
1975,"Cabo Verde",15
1974,"Cabo Verde",2.64
2010,"Cambodia",0.17
2009,"Cambodia",0
2004,"Cambodia",1.75
1999,"Cambodia",7.6
1998,"Cambodia",5.51
1997,"Cambodia",0
1996,"Cambodia",2.7
1995,"Cambodia",2.94
1994,"Cambodia",6.84
1993,"Cambodia",4.62
1992,"Cambodia",9.76
1991,"Cambodia",12.6
1990,"Cambodia",0
1989,"Cambodia",4.26
1988,"Cambodia",0
1987,"Cambodia",11.6
1975,"Cambodia",0
1974,"Cambodia",0.69
1973,"Cambodia",8.81
1968,"Cambodia",12.5
1967,"Cambodia",0
1966,"Cambodia",8.06
1964,"Cambodia",14.44
1963,"Cambodia",25
1958,"Cambodia",0
1957,"Cambodia",16.67
1956,"Cambodia",100
1954,"Cambodia",100
1953,"Cambodia",72.73
1952,"Cambodia",41.67
1951,"Cambodia",70.18
1950,"Cambodia",10
2011,"Cambodia",0
2015,"Cameroon",4.8
2014,"Cameroon",5.5
2013,"Cameroon",0
2012,"Cameroon",1.38
2011,"Cameroon",3.49
2010,"Cameroon",6.1
2009,"Cameroon",11.07
2008,"Cameroon",0
2007,"Cameroon",10
2006,"Cameroon",3.8
2005,"Cameroon",3.86
2004,"Cameroon",1.71
2003,"Cameroon",17.39
2002,"Cameroon",12.12
2001,"Cameroon",2.7
2000,"Cameroon",23.58
1999,"Cameroon",2.21
1998,"Cameroon",6.87
1997,"Cameroon",10.53
1996,"Cameroon",8.37
1995,"Cameroon",3.41
1994,"Cameroon",11.58
1993,"Cameroon",2.93
1992,"Cameroon",5.21
1991,"Cameroon",12.2
1990,"Cameroon",0
1989,"Cameroon",50
1988,"Cameroon",0
1987,"Cameroon",6.38
1986,"Cameroon",7.27
1985,"Cameroon",8.89
1984,"Cameroon",15.31
1983,"Cameroon",32.73
1982,"Cameroon",60
1981,"Cameroon",7
1980,"Cameroon",10.04
1979,"Cameroon",25
1978,"Cameroon",0
1976,"Cameroon",20
1975,"Cameroon",0
1974,"Cameroon",19.28
1973,"Cameroon",7.77
1972,"Cameroon",7.46
1971,"Cameroon",15.51
2011,"Chad",2.65
2010,"Chad",2.74
2009,"Chad",8.96
2007,"Chad",0
2006,"Chad",4.26
2005,"Chad",15.56
2004,"Chad",4.92
2003,"Chad",12.73
2001,"Chad",4.31
1999,"Chad",8.29
1998,"Chad",3.52
1997,"Chad",5.03
1996,"Chad",5.72
1994,"Chad",3.93
1991,"Chad",9.66
1974,"Chad",25.74
1972,"Chad",33.33
1971,"Chad",29.3
2016,"China",0
2015,"China",0
2014,"China",0
2013,"China",1.89
2012,"China",0
2011,"China",0
2010,"China",0
2009,"China",0
2008,"China",0
2007,"China",0
2006,"China",1.24
2005,"China",0.41
2004,"China",0.41
2003,"China",0.45
2001,"China",0
2000,"China",0.16
1999,"China",0
1998,"China",0
1997,"China",2.46
1996,"China",1.27
1995,"China",0.85
1994,"China",0.91
1993,"China",0.81
1992,"China",0.17
1991,"China",0
1990,"China",0.78
1989,"China",1.05
1988,"China",1.22
1987,"China",0
1980,"China",0
1979,"China",2.35
1967,"China",0
1963,"China",0
1962,"China",6.25
1949,"China",100
2004,"Colombia",0
1999,"Colombia",0
1998,"Colombia",1.58
1997,"Colombia",2.12
1996,"Colombia",1.58
1995,"Colombia",1.82
1994,"Colombia",1.41
1993,"Colombia",0
1992,"Colombia",1.04
1991,"Colombia",1.73
2008,"Comoros",0
2007,"Comoros",1.86
2006,"Comoros",0
2005,"Comoros",0
2004,"Comoros",0
2003,"Comoros",0
2002,"Comoros",2.94
2001,"Comoros",1.77
2000,"Comoros",2.76
1999,"Comoros",3.56
1998,"Comoros",0.93
1976,"Comoros",20
1975,"Comoros",8.9
2016,"Congo",13.3
2013,"Congo",13.61
2012,"Congo",3.13
2011,"Congo",0
2009,"Congo",0
2008,"Congo",2.56
2007,"Congo",1.71
2006,"Congo",5.71
2005,"Congo",0
2000,"Congo",22.22
1999,"Congo",0.42
1998,"Congo",0.68
1997,"Congo",21.82
1979,"Congo",0
1978,"Congo",27.45
2015,"Cote d'Ivoire",3
2014,"Cote d'Ivoire",5.1
2013,"Cote d'Ivoire",3.57
2012,"Cote d'Ivoire",4.48
2011,"Cote d'Ivoire",1.9
2010,"Cote d'Ivoire",0
2009,"Cote d'Ivoire",40
2008,"Cote d'Ivoire",14.29
2007,"Cote d'Ivoire",12.5
2006,"Cote d'Ivoire",3.62
2005,"Cote d'Ivoire",0
2004,"Cote d'Ivoire",8.57
2003,"Cote d'Ivoire",4.84
2002,"Cote d'Ivoire",3.41
2001,"Cote d'Ivoire",5.16
1996,"Cote d'Ivoire",1.64
1995,"Cote d'Ivoire",3.69
1994,"Cote d'Ivoire",4.96
1993,"Cote d'Ivoire",5.8
1992,"Cote d'Ivoire",18.92
1991,"Cote d'Ivoire",19.21
1982,"Cote d'Ivoire",0
1979,"Cote d'Ivoire",0
1971,"Cote d'Ivoire",1.35
1970,"Cote d'Ivoire",4.49
2016,"Democratic Republic of the Congo",2.7
2015,"Democratic Republic of the Congo",1.4
2014,"Democratic Republic of the Congo",1.7
2013,"Democratic Republic of the Congo",1.82
2012,"Democratic Republic of the Congo",2.43
2011,"Democratic Republic of the Congo",2.69
2010,"Democratic Republic of the Congo",1.31
2009,"Democratic Republic of the Congo",1.03
2008,"Democratic Republic of the Congo",1.82
2007,"Democratic Republic of the Congo",2.12
2006,"Democratic Republic of the Congo",2.06
2005,"Democratic Republic of the Congo",0
2004,"Democratic Republic of the Congo",2.97
2003,"Democratic Republic of the Congo",3.63
2002,"Democratic Republic of the Congo",6.25
2001,"Democratic Republic of the Congo",6.81
2000,"Democratic Republic of the Congo",6.28
1999,"Democratic Republic of the Congo",6.16
1998,"Democratic Republic of the Congo",8.38
1997,"Democratic Republic of the Congo",13.47
1996,"Democratic Republic of the Congo",8.09
1995,"Democratic Republic of the Congo",3.98
1994,"Democratic Republic of the Congo",7.2
1993,"Democratic Republic of the Congo",17.75
1992,"Democratic Republic of the Congo",3.03
1991,"Democratic Republic of the Congo",7.23
1990,"Democratic Republic of the Congo",13.03
1989,"Democratic Republic of the Congo",6.06
1988,"Democratic Republic of the Congo",10.85
1987,"Democratic Republic of the Congo",18.96
1986,"Democratic Republic of the Congo",11.8
1985,"Democratic Republic of the Congo",4.05
1984,"Democratic Republic of the Congo",1.85
1983,"Democratic Republic of the Congo",8.23
1982,"Democratic Republic of the Congo",6.71
1981,"Democratic Republic of the Congo",33.63
1980,"Democratic Republic of the Congo",7.71
1979,"Democratic Republic of the Congo",9.27
1978,"Democratic Republic of the Congo",5.26
2011,"Djibouti",0.79
2010,"Djibouti",0.93
2007,"Djibouti",2.48
2000,"Djibouti",1.75
1998,"Djibouti",1.83
1997,"Djibouti",2.06
1994,"Djibouti",1.34
1993,"Djibouti",0.98
1985,"Djibouti",6.09
1978,"Djibouti",66.67
1977,"Djibouti",0
1976,"Djibouti",0
1972,"Djibouti",37.5
1971,"Djibouti",18.41
1970,"Djibouti",50
2016,"Dominican Republic",2.3
2015,"Dominican Republic",2.7
2014,"Dominican Republic",1.8
2013,"Dominican Republic",2.15
2012,"Dominican Republic",0.86
2011,"Dominican Republic",1.61
2010,"Dominican Republic",0
2004,"Ecuador",0
2003,"Ecuador",0
2001,"Ecuador",0
2000,"Ecuador",3.7
1999,"Ecuador",0
1998,"Ecuador",0.99
1997,"Ecuador",4.62
1996,"Ecuador",1.13
1995,"Ecuador",1.06
1994,"Ecuador",0.9
1993,"Ecuador",1.05
1992,"Ecuador",0.65
1991,"Ecuador",1.5
2000,"El Salvador",0.32
1999,"El Salvador",0
1998,"El Salvador",0
1996,"El Salvador",1.1
1995,"El Salvador",0.07
1994,"El Salvador",0.32
1993,"El Salvador",0.21
1992,"El Salvador",0.52
1991,"El Salvador",3.59
2010,"Ethiopia",1.25
2009,"Ethiopia",1.38
2008,"Ethiopia",0.6
2007,"Ethiopia",1.13
2006,"Ethiopia",1.06
2005,"Ethiopia",0
2004,"Ethiopia",0
1982,"Ethiopia",0
1971,"Ethiopia",5.67
1970,"Ethiopia",8.47
1979,"Ethiopia",0
2016,"Ghana",0
2015,"Ghana",1.2
2014,"Ghana",0.8
2013,"Ghana",0
2012,"Ghana",1.05
2011,"Ghana",0.99
2010,"Ghana",0.68
2009,"Ghana",0.7
2008,"Ghana",2.04
2007,"Ghana",10.06
2006,"Ghana",3.19
2005,"Ghana",1.61
2004,"Ghana",1.47
2003,"Ghana",1.96
2002,"Ghana",1.8
2001,"Ghana",2.92
2000,"Ghana",2.22
1999,"Ghana",2.76
1998,"Ghana",3.15
1997,"Ghana",3.17
1996,"Ghana",4.2
1995,"Ghana",1.98
1994,"Ghana",2.38
1993,"Ghana",2.62
1992,"Ghana",10.09
1991,"Ghana",3.11
1990,"Ghana",2.04
1985,"Ghana",0
1984,"Ghana",9.06
1983,"Ghana",5.78
1982,"Ghana",11.09
1981,"Ghana",6.57
1980,"Ghana",8.08
1979,"Ghana",6.34
1978,"Ghana",6.48
1977,"Ghana",5.38
1976,"Ghana",0
1975,"Ghana",5.35
1974,"Ghana",7.66
1973,"Ghana",5.76
1972,"Ghana",5.12
1971,"Ghana",4.91
1970,"Ghana",6.59
2003,"Guatemala",0
2002,"Guatemala",0
2001,"Guatemala",0
2000,"Guatemala",0.98
1999,"Guatemala",0
1998,"Guatemala",0.95
1997,"Guatemala",0
1996,"Guatemala",0.89
1995,"Guatemala",1.19
1994,"Guatemala",0.68
1993,"Guatemala",1
1992,"Guatemala",1.34
1991,"Guatemala",1.36
2014,"Guinea",0
2013,"Guinea",10.03
2012,"Guinea",1.81
2011,"Guinea",0
2009,"Guinea",0
2008,"Guinea",6.24
2007,"Guinea",3.64
2006,"Guinea",6.76
2005,"Guinea",2.8
2004,"Guinea",7.72
2003,"Guinea",16.67
2002,"Guinea",18.03
2001,"Guinea",5.61
2000,"Guinea",6.17
1999,"Guinea",4.67
1998,"Guinea",6.02
1996,"Guinea",5.92
1995,"Guinea",8.68
1994,"Guinea",2.14
1986,"Guinea",20.28
1970,"Guinea",3
2014,"Guinea-Bissau",18.2
2013,"Guinea-Bissau",2.89
2012,"Guinea-Bissau",0.72
2009,"Guinea-Bissau",0
2008,"Guinea-Bissau",1.57
2007,"Guinea-Bissau",5.23
2006,"Guinea-Bissau",0
2005,"Guinea-Bissau",1.59
2004,"Guinea-Bissau",1.94
2003,"Guinea-Bissau",0.69
2002,"Guinea-Bissau",0.71
1998,"Guinea-Bissau",1.59
1997,"Guinea-Bissau",4.4
1996,"Guinea-Bissau",1
1995,"Guinea-Bissau",0
1994,"Guinea-Bissau",1.86
1987,"Guinea-Bissau",1.13
1986,"Guinea-Bissau",25
2016,"Haiti",1.1
2015,"Haiti",0.9
2014,"Haiti",1.1
2013,"Haiti",1.01
2012,"Haiti",0.8
2011,"Haiti",0.84
2010,"Haiti",2.22
2001,"Honduras",0
2000,"Honduras",0
1999,"Honduras",5.36
1998,"Honduras",4.25
1997,"Honduras",1
1996,"Honduras",1.98
1995,"Honduras",1.63
1994,"Honduras",2.02
1993,"Honduras",2.54
1992,"Honduras",4.18
1991,"Honduras",0
2016,"India",0.4
2015,"India",0.4
2014,"India",0.5
2013,"India",0.9
2010,"India",0.17
2008,"India",0.04
2007,"India",0.11
2006,"India",0.15
2005,"India",0.19
2004,"India",0.15
2003,"India",0.07
2002,"India",0.29
2001,"India",0.15
2000,"India",0.49
1999,"India",0.16
1998,"India",0.15
1997,"India",0.58
1996,"India",0.77
1995,"India",0.15
1994,"India",0.64
1993,"India",0.42
1992,"India",0.8
1991,"India",2.13
1990,"India",2.32
1989,"India",1.65
1988,"India",2.21
1987,"India",2.01
1986,"India",1.66
1985,"India",2.67
1984,"India",1.07
1983,"India",3.62
1982,"India",4.57
1981,"India",3.2
1980,"India",3.68
1979,"India",2.23
1978,"India",2.32
1977,"India",3.45
1976,"India",4.43
1975,"India",10.57
1974,"India",7.41
1973,"India",12.99
1972,"India",13.92
1971,"India",14.68
1970,"India",22.7
1969,"India",0
1968,"India",0
1967,"India",0
1966,"India",21.45
1965,"India",29.67
1964,"India",32.13
1963,"India",36.48
1962,"India",53.13
1961,"India",56.57
1960,"India",0
1959,"India",51.82
1958,"India",74.52
1957,"India",90.46
1956,"India",43.2
1955,"India",32.56
1954,"India",87.46
1953,"India",58.26
1952,"India",57.4
1951,"India",47.87
1950,"India",63.36
2008,"Indonesia",2.68
2005,"Indonesia",1.42
2001,"Indonesia",1.07
1997,"Indonesia",0
1996,"Indonesia",0
1994,"Indonesia",0
1993,"Indonesia",0.7
1992,"Indonesia",0
1991,"Indonesia",0.89
1990,"Indonesia",0
1989,"Indonesia",0
1988,"Indonesia",0
1987,"Indonesia",2.73
1986,"Indonesia",3.28
1985,"Indonesia",1.8
1984,"Indonesia",0.74
1983,"Indonesia",2.5
1982,"Indonesia",5.15
1981,"Indonesia",2.52
1980,"Indonesia",2.71
1979,"Indonesia",4.09
1978,"Indonesia",4.75
1977,"Indonesia",4.56
1976,"Indonesia",6.46
1975,"Indonesia",7.68
1974,"Indonesia",9.45
1973,"Indonesia",5.88
1972,"Indonesia",15.67
1971,"Indonesia",15.31
1970,"Indonesia",20.96
1969,"Indonesia",41.79
1968,"Indonesia",16.3
1967,"Indonesia",19.86
1966,"Indonesia",17.65
1964,"Indonesia",21.17
1963,"Indonesia",15.51
1962,"Indonesia",18.69
1961,"Indonesia",27.21
1960,"Indonesia",53.66
2015,"Iran (Islamic Republic of)",1.2
2013,"Iran (Islamic Republic of)",2.73
2012,"Iran (Islamic Republic of)",0
2011,"Iran (Islamic Republic of)",1.01
2008,"Iran (Islamic Republic of)",5.56
2007,"Iran (Islamic Republic of)",0
2005,"Iran (Islamic Republic of)",0.97
2004,"Iran (Islamic Republic of)",1.06
2003,"Iran (Islamic Republic of)",0
2002,"Iran (Islamic Republic of)",0
2001,"Iran (Islamic Republic of)",0
2000,"Iran (Islamic Republic of)",0.87
1999,"Iran (Islamic Republic of)",1.53
1998,"Iran (Islamic Republic of)",0.37
1997,"Iran (Islamic Republic of)",0.81
1995,"Iran (Islamic Republic of)",2.71
1994,"Iran (Islamic Republic of)",0
1993,"Iran (Islamic Republic of)",0.37
1992,"Iran (Islamic Republic of)",4.12
1991,"Iran (Islamic Republic of)",1.69
1990,"Iran (Islamic Republic of)",1.69
1989,"Iran (Islamic Republic of)",1.63
1988,"Iran (Islamic Republic of)",3.09
1987,"Iran (Islamic Republic of)",1.36
1986,"Iran (Islamic Republic of)",5
1985,"Iran (Islamic Republic of)",0.75
1984,"Iran (Islamic Republic of)",0.94
1983,"Iran (Islamic Republic of)",0
1982,"Iran (Islamic Republic of)",0
1981,"Iran (Islamic Republic of)",1.79
1980,"Iran (Islamic Republic of)",2
1979,"Iran (Islamic Republic of)",3.02
1978,"Iran (Islamic Republic of)",0
1977,"Iran (Islamic Republic of)",0
1976,"Iran (Islamic Republic of)",0
1975,"Iran (Islamic Republic of)",0
1974,"Iran (Islamic Republic of)",0
1973,"Iran (Islamic Republic of)",0
1972,"Iran (Islamic Republic of)",0
1971,"Iran (Islamic Republic of)",0
1970,"Iran (Islamic Republic of)",0
1969,"Iran (Islamic Republic of)",0
1967,"Iran (Islamic Republic of)",0
1966,"Iran (Islamic Republic of)",0
1965,"Iran (Islamic Republic of)",0
2015,"Iraq",0.04
2013,"Iraq",0
2012,"Iraq",0
2010,"Iraq",0
2009,"Iraq",0
2008,"Iraq",1.19
2007,"Iraq",0.51
2004,"Iraq",0
2003,"Iraq",0
2002,"Iraq",0
2001,"Iraq",0
2000,"Iraq",0.75
1999,"Iraq",1.51
1998,"Iraq",1.89
1996,"Iraq",0
1995,"Iraq",0.37
1994,"Iraq",0
1993,"Iraq",0
1992,"Iraq",0
1991,"Iraq",0.68
1978,"Iraq",0
1977,"Iraq",0.75
1966,"Iraq",8.81
2016,"Iraq",0
2016,"Kenya",1.4
2015,"Kenya",0.5
2014,"Kenya",25.7
2011,"Kenya",2.7
2010,"Kenya",1.98
2009,"Kenya",2.31
2008,"Kenya",3.66
2007,"Kenya",5.56
2006,"Kenya",1.26
2005,"Kenya",2.57
2004,"Kenya",1.72
2002,"Kenya",3.44
2001,"Kenya",5.49
2000,"Kenya",6.74
1999,"Kenya",3.17
1998,"Kenya",5.51
1997,"Kenya",3.23
1996,"Kenya",2.9
1995,"Kenya",2.52
1994,"Kenya",3.18
1992,"Kenya",2.95
1989,"Kenya",3.49
1987,"Kenya",4.71
1986,"Kenya",5.36
1985,"Kenya",7.54
1984,"Kenya",0
1983,"Kenya",5.05
1982,"Kenya",2.6
1981,"Kenya",4.46
1980,"Kenya",1.5
1979,"Kenya",0.19
1978,"Kenya",2.53
1977,"Kenya",0
1976,"Kenya",4.34
1975,"Kenya",6.77
1974,"Kenya",4.98
1972,"Kenya",0
1971,"Kenya",15.9
2010,"Lao People's Democratic Republic",1.69
2008,"Lao People's Democratic Republic",0
2007,"Lao People's Democratic Republic",1.78
1996,"Lao People's Democratic Republic",4.58
1995,"Lao People's Democratic Republic",12.75
1994,"Lao People's Democratic Republic",6.27
1993,"Lao People's Democratic Republic",4.62
1969,"Lao People's Democratic Republic",4.69
1953,"Lao People's Democratic Republic",58.06
2014,"Liberia",0
2013,"Liberia",0
2012,"Liberia",0
2011,"Liberia",0
2010,"Liberia",0
2009,"Liberia",0.19
2008,"Liberia",0.24
2007,"Liberia",0.23
2006,"Liberia",0.34
2005,"Liberia",0.47
2004,"Liberia",0.14
2003,"Liberia",0.11
2002,"Liberia",0
2001,"Liberia",0
2000,"Liberia",2.74
1999,"Liberia",0
1998,"Liberia",0.8
1997,"Liberia",0
1996,"Liberia",1.89
1995,"Liberia",3.68
1994,"Liberia",2.23
1991,"Liberia",30.3
1989,"Liberia",0
1988,"Liberia",1.47
1987,"Liberia",3.03
1986,"Liberia",0
1985,"Liberia",0.85
1984,"Liberia",1.63
1983,"Liberia",6.56
1982,"Liberia",1.19
1981,"Liberia",2.09
1980,"Liberia",2.04
1979,"Liberia",1.37
1978,"Liberia",2.13
1977,"Liberia",3.52
1976,"Liberia",1.55
1975,"Liberia",2.27
1974,"Liberia",2.34
1973,"Liberia",2.02
1972,"Liberia",2.96
1971,"Liberia",17.49
1970,"Liberia",16.07
2006,"Madagascar",0
2005,"Madagascar",0
2003,"Madagascar",0
2002,"Madagascar",0
2001,"Madagascar",5.72
2000,"Madagascar",5.71
1999,"Madagascar",5.5
1996,"Madagascar",0
1971,"Madagascar",0
2016,"Malawi",2.6
2015,"Malawi",1.6
2012,"Malawi",1.07
2011,"Malawi",3.33
2010,"Malawi",1.47
2009,"Malawi",2.17
2008,"Malawi",3.13
2007,"Malawi",1.05
2006,"Malawi",1.32
2005,"Malawi",1
2004,"Malawi",0.59
2003,"Malawi",1.24
2002,"Malawi",2.79
2001,"Malawi",1.75
2000,"Malawi",2.34
1999,"Malawi",2.44
1998,"Malawi",4.24
1997,"Malawi",11.54
1996,"Malawi",0
1995,"Malawi",0
1994,"Malawi",10.28
1993,"Malawi",2.08
1992,"Malawi",2.68
1991,"Malawi",3.03
1990,"Malawi",3.57
1989,"Malawi",0.19
1988,"Malawi",0
1983,"Malawi",10.06
1981,"Malawi",0
1978,"Malawi",9.13
1977,"Malawi",0
1976,"Malawi",0
1973,"Malawi",5.39
2015,"Malaysia",0.8
2014,"Malaysia",0.7
2013,"Malaysia",0.58
2012,"Malaysia",0.4
2011,"Malaysia",1.71
2010,"Malaysia",1.35
2009,"Malaysia",0.53
2007,"Malaysia",0
2006,"Malaysia",0.84
2004,"Malaysia",0
2001,"Malaysia",1.97
2000,"Malaysia",0.81
1999,"Malaysia",0
1998,"Malaysia",1.46
1997,"Malaysia",1.03
1996,"Malaysia",0
1995,"Malaysia",1.22
1994,"Malaysia",0
1993,"Malaysia",1.31
1992,"Malaysia",1.69
1991,"Malaysia",1.19
1990,"Malaysia",1.83
1989,"Malaysia",3.56
1988,"Malaysia",2.42
1987,"Malaysia",1.54
1986,"Malaysia",3.64
1985,"Malaysia",3.85
1984,"Malaysia",1.49
1983,"Malaysia",1.73
1982,"Malaysia",3.29
1981,"Malaysia",2.99
1980,"Malaysia",7.22
1979,"Malaysia",1.99
1978,"Malaysia",3.91
1977,"Malaysia",2.7
1976,"Malaysia",1.63
1975,"Malaysia",7.27
1974,"Malaysia",0
1973,"Malaysia",4.61
1972,"Malaysia",1.27
1971,"Malaysia",1.89
1970,"Malaysia",2.83
1969,"Malaysia",0
1968,"Malaysia",20
1966,"Malaysia",0
1965,"Malaysia",6.25
1964,"Malaysia",27.93
1963,"Malaysia",6.88
1954,"Malaysia",0
1978,"Maldives",1.94
2013,"Mali",8.7
2012,"Mali",8.68
2011,"Mali",4.28
2008,"Mali",3.27
2006,"Mali",0
2005,"Mali",6.45
2004,"Mali",7.22
2003,"Mali",8.18
2002,"Mali",11.11
2001,"Mali",13.43
2000,"Mali",2.71
1999,"Mali",50
1997,"Mali",50
1996,"Mali",13.3
1995,"Mali",10.54
1987,"Mali",23.86
1986,"Mali",7.88
1985,"Mali",22.29
1984,"Mali",22.62
1974,"Mali",16.15
1973,"Mali",14.61
1972,"Mali",0
1971,"Mali",27.57
1970,"Mali",7.54
2011,"Mauritania",6.52
2007,"Mauritania",0
2006,"Mauritania",0
2005,"Mauritania",1.69
2003,"Mauritania",23.53
2002,"Mauritania",0
1997,"Mauritania",1.52
1996,"Mauritania",3.26
1989,"Mauritania",3.86
1988,"Mauritania",6.61
1987,"Mauritania",6.4
1986,"Mauritania",3.03
1985,"Mauritania",7.72
1984,"Mauritania",9.04
1973,"Mauritania",14.67
1972,"Mauritania",16.22
1971,"Mauritania",4.65
2015,"Mexico",0
2014,"Mexico",0
2013,"Mexico",0.53
2012,"Mexico",0
2011,"Mexico",0
2010,"Mexico",0
2008,"Mexico",0
2001,"Mexico",0
2000,"Mexico",0
1998,"Mexico",0
1997,"Mexico",0.04
1996,"Mexico",0.46
1995,"Mexico",0.83
1994,"Mexico",1.38
1993,"Mexico",1.8
1992,"Mexico",1.21
1991,"Mexico",1.26
2016,"Mozambique",0.2
2015,"Mozambique",0.7
2014,"Mozambique",0.2
2013,"Mozambique",1.02
2012,"Mozambique",1.08
2011,"Mozambique",0.39
2010,"Mozambique",1.57
2009,"Mozambique",0.79
2008,"Mozambique",1.12
2007,"Mozambique",0.84
2006,"Mozambique",0.46
2005,"Mozambique",1.08
2004,"Mozambique",0.55
2003,"Mozambique",0.74
2002,"Mozambique",1.4
2001,"Mozambique",1.16
2000,"Mozambique",1.35
1999,"Mozambique",2.69
1998,"Mozambique",3.17
1997,"Mozambique",2.96
1996,"Mozambique",0
1994,"Mozambique",3.9
1993,"Mozambique",2.56
1992,"Mozambique",2.36
1991,"Mozambique",4.18
1990,"Mozambique",4.67
1989,"Mozambique",3.23
1986,"Mozambique",0
1985,"Mozambique",0
1984,"Mozambique",2.11
1983,"Mozambique",4.16
1982,"Mozambique",8.65
1981,"Mozambique",7.53
1980,"Mozambique",7.01
1979,"Mozambique",11.99
1977,"Mozambique",16.67
1976,"Mozambique",66.67
1975,"Mozambique",27.27
1974,"Mozambique",13.56
1973,"Mozambique",19.21
2016,"Myanmar",1.4
2015,"Myanmar",11.7
2014,"Myanmar",0
2013,"Myanmar",0
2012,"Myanmar",0
2011,"Myanmar",0
2008,"Myanmar",2.22
1995,"Myanmar",0.46
1994,"Myanmar",0.95
1993,"Myanmar",2.96
1992,"Myanmar",6.05
1991,"Myanmar",4.22
1989,"Myanmar",1.84
1983,"Myanmar",2.93
1981,"Myanmar",10.71
1980,"Myanmar",4.91
1979,"Myanmar",8.58
1978,"Myanmar",10.48
1976,"Myanmar",11.39
1975,"Myanmar",5.85
1974,"Myanmar",8.59
1973,"Myanmar",6.22
1972,"Myanmar",3.89
1971,"Myanmar",11.11
1970,"Myanmar",8.34
1969,"Myanmar",16.59
1968,"Myanmar",0
1967,"Myanmar",0
1966,"Myanmar",6.46
1965,"Myanmar",3.86
1964,"Myanmar",18.55
1963,"Myanmar",25.94
1962,"Myanmar",0
1961,"Myanmar",0
1960,"Myanmar",77.22
1959,"Myanmar",66.67
1958,"Myanmar",42.86
1957,"Myanmar",30
1956,"Myanmar",46.15
1955,"Myanmar",28.57
1954,"Myanmar",54.29
1953,"Myanmar",40.91
1952,"Myanmar",70.61
1951,"Myanmar",69.38
1950,"Myanmar",66.12
2016,"Nepal",0
2015,"Nepal",0
2014,"Nepal",0.2
2012,"Nepal",0
2011,"Nepal",0
2010,"Nepal",0.5
2009,"Nepal",0
2007,"Nepal",0
1998,"Nepal",0.97
1997,"Nepal",0
1996,"Nepal",0.37
1995,"Nepal",0
1994,"Nepal",0
1993,"Nepal",0
1992,"Nepal",1.88
1991,"Nepal",2.85
1990,"Nepal",2.07
1989,"Nepal",1.42
1981,"Nepal",0
1980,"Nepal",0
1979,"Nepal",0
1978,"Nepal",0.6
1977,"Nepal",0.93
1976,"Nepal",0.54
1975,"Nepal",0
1974,"Nepal",0
1973,"Nepal",0
1972,"Nepal",0
1971,"Nepal",0
1970,"Nepal",0.26
1969,"Nepal",2.65
1968,"Nepal",50
1966,"Nepal",0
1965,"Nepal",13.34
1958,"Nepal",14.19
2000,"Nicaragua",0
1999,"Nicaragua",1.27
1998,"Nicaragua",2.02
1997,"Nicaragua",2.81
1996,"Nicaragua",3.8
1995,"Nicaragua",1.86
1994,"Nicaragua",1.71
1993,"Nicaragua",3.32
1992,"Nicaragua",1.5
1991,"Nicaragua",0
2016,"Niger",15.8
2015,"Niger",7.8
2014,"Niger",3.9
2013,"Niger",2.22
2012,"Niger",2.08
2011,"Niger",2.58
2010,"Niger",5.72
2008,"Niger",7.2
2007,"Niger",8.33
2006,"Niger",6.57
2005,"Niger",9.95
2004,"Niger",2.62
2003,"Niger",3.77
2002,"Niger",5.08
2001,"Niger",1.23
2000,"Niger",16.89
1999,"Niger",7.17
1997,"Niger",5.02
1996,"Niger",5.21
1995,"Niger",5.68
1994,"Niger",11.34
1991,"Niger",11.33
1989,"Niger",13.25
1984,"Niger",8.13
1981,"Niger",0
1974,"Niger",26.22
1973,"Niger",13.22
1972,"Niger",23.53
1971,"Niger",25.3
1970,"Niger",50
2016,"Nigeria",4.2
2015,"Nigeria",3.5
2014,"Nigeria",2.1
2013,"Nigeria",3.47
2012,"Nigeria",3.02
2011,"Nigeria",3.17
2010,"Nigeria",3.85
2009,"Nigeria",3.15
2008,"Nigeria",4.57
2007,"Nigeria",2.89
2006,"Nigeria",6.26
2005,"Nigeria",3.89
2004,"Nigeria",5.81
2003,"Nigeria",4.5
2002,"Nigeria",2.84
2001,"Nigeria",5.15
2000,"Nigeria",1.54
1999,"Nigeria",7.91
1998,"Nigeria",5.4
1997,"Nigeria",10.14
1996,"Nigeria",9.64
1995,"Nigeria",8.22
1994,"Nigeria",10.95
1993,"Nigeria",6.39
1992,"Nigeria",7.9
1991,"Nigeria",12.87
1989,"Nigeria",5.66
1988,"Nigeria",7.3
1987,"Nigeria",8.6
1986,"Nigeria",25.27
1985,"Nigeria",0
1984,"Nigeria",11.1
1983,"Nigeria",1.12
1982,"Nigeria",7.26
1981,"Nigeria",16.82
1980,"Nigeria",18.12
1979,"Nigeria",1.37
1978,"Nigeria",10.15
1977,"Nigeria",2.66
1976,"Nigeria",22.32
1975,"Nigeria",2.63
1973,"Nigeria",17.2
1972,"Nigeria",7.04
1971,"Nigeria",12.84
1970,"Nigeria",26.67
2014,"Pakistan",0.5
2013,"Pakistan",2.15
2012,"Pakistan",5.6
2011,"Pakistan",41.56
2010,"Pakistan",0
1993,"Pakistan",1.7
1981,"Pakistan",0
1977,"Pakistan",8.33
1976,"Pakistan",0
1971,"Pakistan",3.63
1970,"Pakistan",0
1969,"Pakistan",2.37
1968,"Pakistan",1.4
1965,"Pakistan",4.76
1960,"Pakistan",16.51
1958,"Pakistan",23.5
2011,"Papua New Guinea",0.13
2010,"Papua New Guinea",1.06
2009,"Papua New Guinea",2.3
2005,"Papua New Guinea",0
1962,"Papua New Guinea",35.89
2002,"Peru",0
2001,"Peru",0
2000,"Peru",0.64
1999,"Peru",0.39
1998,"Peru",1.36
1997,"Peru",0.83
1996,"Peru",0.46
1995,"Peru",0.76
1994,"Peru",0.83
1993,"Peru",0.79
1992,"Peru",0.33
1991,"Peru",0.9
2016,"Philippines",0
2014,"Philippines",0.2
2013,"Philippines",0
2012,"Philippines",0.8
2011,"Philippines",2.5
2010,"Philippines",6.06
2007,"Philippines",0
2006,"Philippines",1.5
2005,"Philippines",1.44
2004,"Philippines",0.56
2001,"Philippines",0
2000,"Philippines",2.18
1999,"Philippines",0
1998,"Philippines",2.33
1997,"Philippines",0
1996,"Philippines",1
1995,"Philippines",0.47
1994,"Philippines",0.81
1993,"Philippines",1.41
1992,"Philippines",0
1985,"Philippines",10
1982,"Philippines",3.33
1981,"Philippines",5.9
1980,"Philippines",7.3
1979,"Philippines",32.18
1978,"Philippines",8.66
1977,"Philippines",13.21
1976,"Philippines",12.72
1975,"Philippines",2.21
1974,"Philippines",1.91
1973,"Philippines",15.74
1972,"Philippines",1.39
1971,"Philippines",3.04
1970,"Philippines",3.47
1969,"Philippines",6.88
1968,"Philippines",3.19
1967,"Philippines",3.19
1966,"Philippines",5.19
1965,"Philippines",9.78
1964,"Philippines",9.22
1963,"Philippines",10.88
1962,"Philippines",12.92
1961,"Philippines",14.16
2016,"Rwanda",0
2012,"Rwanda",0
2009,"Rwanda",0
2008,"Rwanda",0
2007,"Rwanda",1.45
2006,"Rwanda",5.19
2005,"Rwanda",0
2004,"Rwanda",0
2003,"Rwanda",0
2001,"Rwanda",1.27
2000,"Rwanda",0.65
1999,"Rwanda",14.98
1998,"Rwanda",2.3
1997,"Rwanda",5.84
1996,"Rwanda",9.43
1995,"Rwanda",0
1994,"Rwanda",0
1993,"Rwanda",5.99
1992,"Rwanda",6.96
1991,"Rwanda",5.15
1989,"Rwanda",0
1988,"Rwanda",4.29
1987,"Rwanda",5.94
1986,"Rwanda",3.1
1985,"Rwanda",0
1984,"Rwanda",8.07
1983,"Rwanda",9.26
1982,"Rwanda",1
1981,"Rwanda",4.17
1980,"Rwanda",13.33
1979,"Rwanda",0
1978,"Rwanda",5.73
2012,"Senegal",0
2011,"Senegal",0
2010,"Senegal",0
2009,"Senegal",0
2008,"Senegal",1.56
2007,"Senegal",0.6
2006,"Senegal",2.74
2005,"Senegal",0
2004,"Senegal",0.82
1997,"Senegal",2.97
1996,"Senegal",4.75
1995,"Senegal",4.8
1988,"Senegal",0.26
1987,"Senegal",9.14
1986,"Senegal",13.24
1985,"Senegal",15.86
1984,"Senegal",12.91
1981,"Senegal",0
1979,"Senegal",2.91
1978,"Senegal",2.54
1972,"Senegal",9.76
1971,"Senegal",22.64
2013,"Sierra Leone",8.49
2012,"Sierra Leone",1.29
2008,"Sierra Leone",1.61
2007,"Sierra Leone",3.79
2006,"Sierra Leone",3.87
2005,"Sierra Leone",0
2004,"Sierra Leone",8.19
1999,"Sierra Leone",0.58
1998,"Sierra Leone",2.72
1995,"Sierra Leone",4.35
1994,"Sierra Leone",6.42
1987,"Sierra Leone",5.39
1986,"Sierra Leone",7.47
1977,"Sierra Leone",0
1971,"Sierra Leone",6.16
1970,"Sierra Leone",25.26
2016,"Somalia",3.5
2015,"Somalia",1.1
2014,"Somalia",0
2013,"Somalia",2.04
2012,"Somalia",0.89
2011,"Somalia",1.46
2010,"Somalia",2.93
2009,"Somalia",1.44
2008,"Somalia",1.25
2007,"Somalia",2.84
2004,"Somalia",0.58
2003,"Somalia",0.51
2002,"Somalia",5.73
2001,"Somalia",3.62
2000,"Somalia",7.51
1999,"Somalia",3.9
1998,"Somalia",4.44
1997,"Somalia",3.7
1996,"Somalia",4.52
1995,"Somalia",2.06
1994,"Somalia",4.26
1986,"Somalia",12.17
1985,"Somalia",15.58
1971,"Somalia",11.24
1970,"Somalia",23.26
2013,"South Africa",0
2009,"South Africa",0.54
2008,"South Africa",0.56
2006,"South Africa",0
2005,"South Africa",0.8
2004,"South Africa",1.26
2003,"South Africa",1.15
2002,"South Africa",0.32
2001,"South Africa",0.22
2000,"South Africa",0.35
1999,"South Africa",2.94
1998,"South Africa",5
1994,"South Africa",0
1993,"South Africa",2.56
1992,"South Africa",0
1991,"South Africa",0
1987,"South Africa",0
1986,"South Africa",0.83
1985,"South Africa",0.15
1984,"South Africa",1.69
1983,"South Africa",1.34
1982,"South Africa",1.87
1981,"South Africa",1.24
1980,"South Africa",1.86
1979,"South Africa",0
1974,"South Africa",0
1973,"South Africa",0
2016,"South Sudan",1.9
2015,"South Sudan",2.6
2014,"South Sudan",2.6
2002,"Sri Lanka",11.11
2000,"Sri Lanka",0
1999,"Sri Lanka",4.63
1998,"Sri Lanka",3.19
1997,"Sri Lanka",2.79
1993,"Sri Lanka",0
1992,"Sri Lanka",2.48
1991,"Sri Lanka",2.86
1988,"Sri Lanka",7.14
1983,"Sri Lanka",2.33
1982,"Sri Lanka",6.8
1981,"Sri Lanka",9.93
1980,"Sri Lanka",3.85
1979,"Sri Lanka",0
1978,"Sri Lanka",4.17
1977,"Sri Lanka",0
1976,"Sri Lanka",2.2
1975,"Sri Lanka",4.61
1974,"Sri Lanka",7.3
1973,"Sri Lanka",11.02
2009,"Sudan",0.38
2008,"Sudan",0.68
2007,"Sudan",3.64
2006,"Sudan",3.29
1999,"Sudan",0
1985,"Sudan",5.36
1980,"Sudan",11.76
1979,"Sudan",20.83
2016,"Thailand",1.9
2015,"Thailand",0.8
2014,"Thailand",0
2013,"Thailand",0
2012,"Thailand",0
2011,"Thailand",1.43
2010,"Thailand",0.76
2009,"Thailand",0.63
2008,"Thailand",0.69
2007,"Thailand",0.49
2006,"Thailand",0
1994,"Thailand",0.14
1988,"Thailand",1.2
1987,"Thailand",0.57
1986,"Thailand",0.47
1985,"Thailand",1.56
1984,"Thailand",2.95
1983,"Thailand",2.74
1982,"Thailand",2.51
1981,"Thailand",5.13
1980,"Thailand",1.96
1979,"Thailand",2.46
1978,"Thailand",2.94
1977,"Thailand",1.31
1976,"Thailand",0
1975,"Thailand",6.59
1974,"Thailand",4.34
1973,"Thailand",3.91
1969,"Thailand",4.16
1968,"Thailand",5.2
1967,"Thailand",4.05
1966,"Thailand",5.24
1965,"Thailand",6.15
1964,"Thailand",3.13
1963,"Thailand",7
1959,"Thailand",14.03
1958,"Thailand",13.98
1951,"Thailand",0
1949,"Thailand",12.5
2015,"Togo",2.9
2014,"Togo",4.2
2013,"Togo",2.41
2012,"Togo",1.64
2011,"Togo",0
2010,"Togo",4.17
2009,"Togo",0.46
2008,"Togo",0.76
2007,"Togo",1.54
2006,"Togo",2.16
2005,"Togo",1.14
2004,"Togo",3.06
2003,"Togo",7.29
2002,"Togo",5.45
2001,"Togo",5.1
2000,"Togo",6.8
1999,"Togo",4.65
1998,"Togo",6.87
1997,"Togo",16.67
1996,"Togo",11.64
1995,"Togo",6.15
1994,"Togo",10.64
1993,"Togo",10.53
1992,"Togo",7.04
1991,"Togo",3.38
1988,"Togo",0
1978,"Togo",100
1977,"Togo",9.09
1974,"Togo",13.79
1972,"Togo",0
1971,"Togo",7.76
1970,"Togo",4
2016,"Uganda",2.1
2015,"Uganda",2.3
2014,"Uganda",2.9
2013,"Uganda",3.61
2012,"Uganda",2.13
2010,"Uganda",3.33
2009,"Uganda",2.1
2008,"Uganda",3.22
2007,"Uganda",1.09
2006,"Uganda",2.04
2005,"Uganda",0
2004,"Uganda",2.69
2003,"Uganda",2.95
2002,"Uganda",5.85
2001,"Uganda",1.62
2000,"Uganda",6.13
1999,"Uganda",4.4
1998,"Uganda",4.17
1997,"Uganda",7.2
1996,"Uganda",13.75
1995,"Uganda",12.27
1994,"Uganda",5.54
1992,"Uganda",2.05
1991,"Uganda",10.04
1987,"Uganda",35.71
1982,"Uganda",25.26
1980,"Uganda",11.76
1979,"Uganda",6.38
1978,"Uganda",9.82
1975,"Uganda",0
1971,"Uganda",3.96
2016,"United Republic of Tanzania",1.5
2015,"United Republic of Tanzania",1.2
2013,"United Republic of Tanzania",6.3
2012,"United Republic of Tanzania",1.4
2011,"United Republic of Tanzania",1.17
2010,"United Republic of Tanzania",1.32
2009,"United Republic of Tanzania",1.47
2008,"United Republic of Tanzania",3.02
2007,"United Republic of Tanzania",4.04
2006,"United Republic of Tanzania",1.78
2005,"United Republic of Tanzania",3.19
2004,"United Republic of Tanzania",2.64
2003,"United Republic of Tanzania",4.51
2002,"United Republic of Tanzania",2.49
2001,"United Republic of Tanzania",4
2000,"United Republic of Tanzania",3.36
1999,"United Republic of Tanzania",4.76
1998,"United Republic of Tanzania",4.2
1997,"United Republic of Tanzania",5.54
1996,"United Republic of Tanzania",2.46
1995,"United Republic of Tanzania",3.25
1994,"United Republic of Tanzania",6.92
1993,"United Republic of Tanzania",9.34
1992,"United Republic of Tanzania",11.73
1991,"United Republic of Tanzania",10.08
1990,"United Republic of Tanzania",3.63
1989,"United Republic of Tanzania",10.79
1988,"United Republic of Tanzania",11.01
1987,"United Republic of Tanzania",12.26
1986,"United Republic of Tanzania",17.47
1985,"United Republic of Tanzania",12.6
1984,"United Republic of Tanzania",13
1983,"United Republic of Tanzania",6.99
1982,"United Republic of Tanzania",7.96
1981,"United Republic of Tanzania",7.78
1980,"United Republic of Tanzania",11.3
1979,"United Republic of Tanzania",11.92
1978,"United Republic of Tanzania",11.09
1977,"United Republic of Tanzania",8.75
1974,"United Republic of Tanzania",60
2011,"Viet Nam",0
2010,"Viet Nam",0
2009,"Viet Nam",0.21
2008,"Viet Nam",0
2007,"Viet Nam",0
2005,"Viet Nam",0
1999,"Viet Nam",0
1998,"Viet Nam",7.69
1997,"Viet Nam",0
1996,"Viet Nam",0.35
1995,"Viet Nam",0.74
1994,"Viet Nam",1.18
1993,"Viet Nam",0.27
1992,"Viet Nam",2.58
1991,"Viet Nam",1.92
1990,"Viet Nam",1.12
1989,"Viet Nam",0
1988,"Viet Nam",2.04
1987,"Viet Nam",2.31
1986,"Viet Nam",1.52
1985,"Viet Nam",1.79
1984,"Viet Nam",0
1983,"Viet Nam",0
1982,"Viet Nam",0
1981,"Viet Nam",5.1
1980,"Viet Nam",5.01
1979,"Viet Nam",7.67
1978,"Viet Nam",0
1977,"Viet Nam",0
1976,"Viet Nam",0
1975,"Viet Nam",0
1974,"Viet Nam",1.44
1973,"Viet Nam",1.2
1972,"Viet Nam",0.68
1971,"Viet Nam",0.37
1970,"Viet Nam",1.22
1969,"Viet Nam",1.01
1968,"Viet Nam",0.73
1967,"Viet Nam",0.93
1966,"Viet Nam",2
1965,"Viet Nam",1.67
1964,"Viet Nam",4.32
1954,"Viet Nam",100
1953,"Viet Nam",100
1952,"Viet Nam",85.71
1951,"Viet Nam",80.77
1950,"Viet Nam",44.44
2016,"Yemen",1
2011,"Yemen",0.42
2010,"Yemen",1.33
2009,"Yemen",5.45
1992,"Yemen",0
1980,"Yemen",2.78
1979,"Yemen",2.3
1978,"Yemen",2.9
1975,"Yemen",0
1974,"Yemen",16.67
1973,"Yemen",10.7
1972,"Yemen",13.16
1971,"Yemen",13.68
2012,"Zambia",1.01
2011,"Zambia",2.12
2010,"Zambia",0.91
2009,"Zambia",1.7
2008,"Zambia",1.89
2007,"Zambia",1.53
2006,"Zambia",3.41
2005,"Zambia",0.47
2004,"Zambia",3.07
2003,"Zambia",2.76
2002,"Zambia",3.54
2001,"Zambia",5.31
2000,"Zambia",6.73
1999,"Zambia",3.96
1998,"Zambia",0
1997,"Zambia",0
1996,"Zambia",1.93
1993,"Zambia",6.3
1992,"Zambia",7.83
1991,"Zambia",8.29
1990,"Zambia",8.47
1989,"Zambia",100
1983,"Zambia",8.15
1982,"Zambia",9.34
1981,"Zambia",0
1980,"Zambia",29.82
1979,"Zambia",91.67
1978,"Zambia",13.69
2016,"Zimbabwe",10
2015,"Zimbabwe",0
2012,"Zimbabwe",4.35
2011,"Zimbabwe",0.16
2010,"Zimbabwe",2.21
2009,"Zimbabwe",1.38
2008,"Zimbabwe",4.88
2007,"Zimbabwe",6.15
2006,"Zimbabwe",7.73
2005,"Zimbabwe",5.04
2004,"Zimbabwe",7.56
2003,"Zimbabwe",3.47
2002,"Zimbabwe",6.14
2001,"Zimbabwe",2.15
2000,"Zimbabwe",13.31
1999,"Zimbabwe",6.83
1998,"Zimbabwe",4.42
1993,"Zimbabwe",6.17
1992,"Zimbabwe",5.13
1986,"Zimbabwe",0
1985,"Zimbabwe",4.17
1976,"Zimbabwe",6.25
1975,"Zimbabwe",5.37
1974,"Zimbabwe",0
1973,"Zimbabwe",0
